,2018
0,2018-01-01
1,2018-01-19
2,2018-02-23
3,2018-02-28
4,2018-03-05
5,2018-03-07
6,2018-03-25
7,2018-04-04
8,2018-04-06
9,2018-04-24
10,2018-04-26
11,2018-05-07
12,2018-05-09
13,2018-05-21
14,2018-05-26
15,2018-05-31
16,2018-06-03
17,2018-06-08
18,2018-06-13
19,2018-06-15
20,2018-06-18
21,2018-06-23
22,2018-06-25
23,2018-06-30
24,2018-07-10
25,2018-07-13
26,2018-07-20
27,2018-07-23
28,2018-07-25
29,2018-08-07
30,2018-08-12
31,2018-08-27
32,2018-08-29
33,2018-09-06
34,2018-09-11
35,2018-09-13
36,2018-09-18
37,2018-09-21
38,2018-09-23
39,2018-09-28
40,2018-10-01
41,2018-10-06
42,2018-10-11
43,2018-10-23
44,2018-11-05
45,2018-11-10
46,2018-11-22
47,2018-11-27
48,2018-11-30
49,2018-12-07
50,2018-12-12
51,2018-12-17
